{"cameraMode":{"drawMode":0,"name":"Shaded","section":"Shading Mode"},"sceneLighting":true,"audioPlay":false,"sceneViewState":{"showFog":true,"showMaterialUpdate":false,"showSkybox":true,"showFlares":true,"showImageEffects":true,"showParticleSystems":true},"in2DMode":false,"pivot":{"x":48.24189758300781,"y":32.80059051513672,"z":5.178958892822266},"rotation":{"x":0.03630194813013077,"y":-0.0026872404851019384,"z":0.00010036477033281699,"w":0.999343991279602},"size":25.994075775146486,"orthographic":false}