{"cameraMode":{"drawMode":0,"name":"Shaded","section":"Shading Mode"},"sceneLighting":false,"audioPlay":false,"sceneViewState":{"showFog":true,"showMaterialUpdate":false,"showSkybox":false,"showFlares":true,"showImageEffects":true,"showParticleSystems":true},"in2DMode":false,"pivot":{"x":50.0,"y":32.46271896362305,"z":24.65628433227539},"rotation":{"x":0.11552708595991135,"y":-0.02054893784224987,"z":0.0023931905161589386,"w":0.9930950403213501},"size":26.816869735717775,"orthographic":false}