{"cameraMode":{"drawMode":0,"name":"Shaded","section":"Shading Mode"},"sceneLighting":true,"audioPlay":false,"sceneViewState":{"showFog":true,"showMaterialUpdate":false,"showSkybox":true,"showFlares":true,"showImageEffects":true,"showParticleSystems":true},"in2DMode":false,"pivot":{"x":48.24348068237305,"y":31.234333038330079,"z":21.049663543701173},"rotation":{"x":0.5436800718307495,"y":-0.0009984041098505259,"z":0.0006501465104520321,"w":0.8393034934997559},"size":21.688573837280275,"orthographic":false}